{
  "starts": [
    9,
    9,
    9,
    9,
    9,
    9,
    9,
    9,
    9,
    9
  ],
  "ends": [
    9,
    9,
    9,
    9,
    9,
    9,
    9,
    9,
    9,
    9
  ],
  "start_scores": [
    6.182906150817871,
    6.182906150817871,
    6.182906150817871,
    6.182906150817871,
    6.182906150817871,
    6.182906150817871,
    6.182906150817871,
    6.182906150817871,
    6.182906150817871,
    6.182906150817871
  ],
  "deterministic": true,
  "start_score_stdev": 0.0
}